--Insertamos valores de fase, de 0 a 100 y de -99 a -1
INSERT INTO FASE VALUES ('0');
INSERT INTO FASE VALUES ('1');
INSERT INTO FASE VALUES ('2');
INSERT INTO FASE VALUES ('3');
INSERT INTO FASE VALUES ('4');
INSERT INTO FASE VALUES ('5');
INSERT INTO FASE VALUES ('6');
INSERT INTO FASE VALUES ('7');
INSERT INTO FASE VALUES ('8');
INSERT INTO FASE VALUES ('9');
INSERT INTO FASE VALUES ('10');
INSERT INTO FASE VALUES ('11');
INSERT INTO FASE VALUES ('12');
INSERT INTO FASE VALUES ('13');
INSERT INTO FASE VALUES ('14');
INSERT INTO FASE VALUES ('15');
INSERT INTO FASE VALUES ('16');
INSERT INTO FASE VALUES ('17');
INSERT INTO FASE VALUES ('18');
INSERT INTO FASE VALUES ('19');
INSERT INTO FASE VALUES ('20');
INSERT INTO FASE VALUES ('21');
INSERT INTO FASE VALUES ('22');
INSERT INTO FASE VALUES ('23');
INSERT INTO FASE VALUES ('24');
INSERT INTO FASE VALUES ('25');
INSERT INTO FASE VALUES ('26');
INSERT INTO FASE VALUES ('27');
INSERT INTO FASE VALUES ('28');
INSERT INTO FASE VALUES ('29');
INSERT INTO FASE VALUES ('30');
INSERT INTO FASE VALUES ('31');
INSERT INTO FASE VALUES ('32');
INSERT INTO FASE VALUES ('33');
INSERT INTO FASE VALUES ('34');
INSERT INTO FASE VALUES ('35');
INSERT INTO FASE VALUES ('36');
INSERT INTO FASE VALUES ('37');
INSERT INTO FASE VALUES ('38');
INSERT INTO FASE VALUES ('39');
INSERT INTO FASE VALUES ('40');
INSERT INTO FASE VALUES ('41');
INSERT INTO FASE VALUES ('42');
INSERT INTO FASE VALUES ('43');
INSERT INTO FASE VALUES ('44');
INSERT INTO FASE VALUES ('45');
INSERT INTO FASE VALUES ('46');
INSERT INTO FASE VALUES ('47');
INSERT INTO FASE VALUES ('48');
INSERT INTO FASE VALUES ('49');
INSERT INTO FASE VALUES ('50');
INSERT INTO FASE VALUES ('51');
INSERT INTO FASE VALUES ('52');
INSERT INTO FASE VALUES ('53');
INSERT INTO FASE VALUES ('54');
INSERT INTO FASE VALUES ('55');
INSERT INTO FASE VALUES ('56');
INSERT INTO FASE VALUES ('57');
INSERT INTO FASE VALUES ('58');
INSERT INTO FASE VALUES ('59');
INSERT INTO FASE VALUES ('60');
INSERT INTO FASE VALUES ('61');
INSERT INTO FASE VALUES ('62');
INSERT INTO FASE VALUES ('63');
INSERT INTO FASE VALUES ('64');
INSERT INTO FASE VALUES ('65');
INSERT INTO FASE VALUES ('66');
INSERT INTO FASE VALUES ('67');
INSERT INTO FASE VALUES ('68');
INSERT INTO FASE VALUES ('69');
INSERT INTO FASE VALUES ('70');
INSERT INTO FASE VALUES ('71');
INSERT INTO FASE VALUES ('72');
INSERT INTO FASE VALUES ('73');
INSERT INTO FASE VALUES ('74');
INSERT INTO FASE VALUES ('75');
INSERT INTO FASE VALUES ('76');
INSERT INTO FASE VALUES ('77');
INSERT INTO FASE VALUES ('78');
INSERT INTO FASE VALUES ('79');
INSERT INTO FASE VALUES ('80');
INSERT INTO FASE VALUES ('81');
INSERT INTO FASE VALUES ('82');
INSERT INTO FASE VALUES ('83');
INSERT INTO FASE VALUES ('84');
INSERT INTO FASE VALUES ('85');
INSERT INTO FASE VALUES ('86');
INSERT INTO FASE VALUES ('87');
INSERT INTO FASE VALUES ('88');
INSERT INTO FASE VALUES ('89');
INSERT INTO FASE VALUES ('90');
INSERT INTO FASE VALUES ('91');
INSERT INTO FASE VALUES ('92');
INSERT INTO FASE VALUES ('93');
INSERT INTO FASE VALUES ('94');
INSERT INTO FASE VALUES ('95');
INSERT INTO FASE VALUES ('96');
INSERT INTO FASE VALUES ('97');
INSERT INTO FASE VALUES ('98');
INSERT INTO FASE VALUES ('99');
INSERT INTO FASE VALUES ('100');
INSERT INTO FASE VALUES ('-99');
INSERT INTO FASE VALUES ('-98');
INSERT INTO FASE VALUES ('-97');
INSERT INTO FASE VALUES ('-96');
INSERT INTO FASE VALUES ('-95');
INSERT INTO FASE VALUES ('-94');
INSERT INTO FASE VALUES ('-93');
INSERT INTO FASE VALUES ('-92');
INSERT INTO FASE VALUES ('-91');
INSERT INTO FASE VALUES ('-90');
INSERT INTO FASE VALUES ('-89');
INSERT INTO FASE VALUES ('-88');
INSERT INTO FASE VALUES ('-87');
INSERT INTO FASE VALUES ('-86');
INSERT INTO FASE VALUES ('-85');
INSERT INTO FASE VALUES ('-84');
INSERT INTO FASE VALUES ('-83');
INSERT INTO FASE VALUES ('-82');
INSERT INTO FASE VALUES ('-81');
INSERT INTO FASE VALUES ('-80');
INSERT INTO FASE VALUES ('-79');
INSERT INTO FASE VALUES ('-78');
INSERT INTO FASE VALUES ('-77');
INSERT INTO FASE VALUES ('-76');
INSERT INTO FASE VALUES ('-75');
INSERT INTO FASE VALUES ('-74');
INSERT INTO FASE VALUES ('-73');
INSERT INTO FASE VALUES ('-72');
INSERT INTO FASE VALUES ('-71');
INSERT INTO FASE VALUES ('-70');
INSERT INTO FASE VALUES ('-69');
INSERT INTO FASE VALUES ('-68');
INSERT INTO FASE VALUES ('-67');
INSERT INTO FASE VALUES ('-66');
INSERT INTO FASE VALUES ('-65');
INSERT INTO FASE VALUES ('-64');
INSERT INTO FASE VALUES ('-63');
INSERT INTO FASE VALUES ('-62');
INSERT INTO FASE VALUES ('-61');
INSERT INTO FASE VALUES ('-60');
INSERT INTO FASE VALUES ('-59');
INSERT INTO FASE VALUES ('-58');
INSERT INTO FASE VALUES ('-57');
INSERT INTO FASE VALUES ('-56');
INSERT INTO FASE VALUES ('-55');
INSERT INTO FASE VALUES ('-54');
INSERT INTO FASE VALUES ('-53');
INSERT INTO FASE VALUES ('-52');
INSERT INTO FASE VALUES ('-51');
INSERT INTO FASE VALUES ('-50');
INSERT INTO FASE VALUES ('-49');
INSERT INTO FASE VALUES ('-48');
INSERT INTO FASE VALUES ('-47');
INSERT INTO FASE VALUES ('-46');
INSERT INTO FASE VALUES ('-45');
INSERT INTO FASE VALUES ('-44');
INSERT INTO FASE VALUES ('-43');
INSERT INTO FASE VALUES ('-42');
INSERT INTO FASE VALUES ('-41');
INSERT INTO FASE VALUES ('-40');
INSERT INTO FASE VALUES ('-39');
INSERT INTO FASE VALUES ('-38');
INSERT INTO FASE VALUES ('-37');
INSERT INTO FASE VALUES ('-36');
INSERT INTO FASE VALUES ('-35');
INSERT INTO FASE VALUES ('-34');
INSERT INTO FASE VALUES ('-33');
INSERT INTO FASE VALUES ('-32');
INSERT INTO FASE VALUES ('-31');
INSERT INTO FASE VALUES ('-30');
INSERT INTO FASE VALUES ('-29');
INSERT INTO FASE VALUES ('-28');
INSERT INTO FASE VALUES ('-27');
INSERT INTO FASE VALUES ('-26');
INSERT INTO FASE VALUES ('-25');
INSERT INTO FASE VALUES ('-24');
INSERT INTO FASE VALUES ('-23');
INSERT INTO FASE VALUES ('-22');
INSERT INTO FASE VALUES ('-21');
INSERT INTO FASE VALUES ('-20');
INSERT INTO FASE VALUES ('-19');
INSERT INTO FASE VALUES ('-18');
INSERT INTO FASE VALUES ('-17');
INSERT INTO FASE VALUES ('-16');
INSERT INTO FASE VALUES ('-15');
INSERT INTO FASE VALUES ('-14');
INSERT INTO FASE VALUES ('-13');
INSERT INTO FASE VALUES ('-12');
INSERT INTO FASE VALUES ('-11');
INSERT INTO FASE VALUES ('-10');
INSERT INTO FASE VALUES ('-9');
INSERT INTO FASE VALUES ('-8');
INSERT INTO FASE VALUES ('-7');
INSERT INTO FASE VALUES ('-6');
INSERT INTO FASE VALUES ('-5');
INSERT INTO FASE VALUES ('-4');
INSERT INTO FASE VALUES ('-3');
INSERT INTO FASE VALUES ('-2');
INSERT INTO FASE VALUES ('-1');

-- Insertamos dias del año 2021
-- Enero
INSERT INTO DIA VALUES ('2021-1-1', '-96', '6');
INSERT INTO DIA VALUES ('2021-1-2', '-91', '7');
INSERT INTO DIA VALUES ('2021-1-3', '-84', '1');
INSERT INTO DIA VALUES ('2021-1-4', '-75', '2');
INSERT INTO DIA VALUES ('2021-1-5', '-66', '3');
INSERT INTO DIA VALUES ('2021-1-6', '-50', '4');
INSERT INTO DIA VALUES ('2021-1-7', '-43', '5');
INSERT INTO DIA VALUES ('2021-1-8', '-32', '6');
INSERT INTO DIA VALUES ('2021-1-9', '-25', '7');
INSERT INTO DIA VALUES ('2021-1-10', '-13', '1');
INSERT INTO DIA VALUES ('2021-1-11', '-6', '2');
INSERT INTO DIA VALUES ('2021-1-12', '-2', '3');
INSERT INTO DIA VALUES ('2021-1-13', '0', '4');
INSERT INTO DIA VALUES ('2021-1-14', '1', '5');
INSERT INTO DIA VALUES ('2021-1-15', '4', '6');
INSERT INTO DIA VALUES ('2021-1-16', '9', '7');
INSERT INTO DIA VALUES ('2021-1-17', '16', '1');
INSERT INTO DIA VALUES ('2021-1-18', '25', '2');
INSERT INTO DIA VALUES ('2021-1-19', '32', '3');
INSERT INTO DIA VALUES ('2021-1-20', '50', '4');
INSERT INTO DIA VALUES ('2021-1-21', '51', '5');
INSERT INTO DIA VALUES ('2021-1-22', '60', '6');
INSERT INTO DIA VALUES ('2021-1-23', '69', '7');
INSERT INTO DIA VALUES ('2021-1-24', '75', '1');
INSERT INTO DIA VALUES ('2021-1-25', '85', '2');
INSERT INTO DIA VALUES ('2021-1-26', '92', '3');
INSERT INTO DIA VALUES ('2021-1-27', '96', '4');
INSERT INTO DIA VALUES ('2021-1-28', '100', '5');
INSERT INTO DIA VALUES ('2021-1-29', '-99', '6');
INSERT INTO DIA VALUES ('2021-1-30', '-98', '7');
INSERT INTO DIA VALUES ('2021-1-31', '-94', '1');
-- Febrero
INSERT INTO DIA VALUES ('2021-2-1', '-88', '2');
INSERT INTO DIA VALUES ('2021-2-2', '-75', '3');
INSERT INTO DIA VALUES ('2021-2-3', '-69', '4');
INSERT INTO DIA VALUES ('2021-2-4', '-50', '5');
INSERT INTO DIA VALUES ('2021-2-5', '-47', '6');
INSERT INTO DIA VALUES ('2021-2-6', '-36', '7');
INSERT INTO DIA VALUES ('2021-2-7', '-25', '1');
INSERT INTO DIA VALUES ('2021-2-8', '-16', '2');
INSERT INTO DIA VALUES ('2021-2-9', '-9', '3');
INSERT INTO DIA VALUES ('2021-2-10', '-4', '4');
INSERT INTO DIA VALUES ('2021-2-11', '0', '5');
INSERT INTO DIA VALUES ('2021-2-12', '1', '6');
INSERT INTO DIA VALUES ('2021-2-13', '2', '7');
INSERT INTO DIA VALUES ('2021-2-14', '5', '1');
INSERT INTO DIA VALUES ('2021-2-15', '10', '2');
INSERT INTO DIA VALUES ('2021-2-16', '17', '3');
INSERT INTO DIA VALUES ('2021-2-17', '25', '4');
INSERT INTO DIA VALUES ('2021-2-18', '33', '5');
INSERT INTO DIA VALUES ('2021-2-19', '50', '6');
INSERT INTO DIA VALUES ('2021-2-20', '52', '7');
INSERT INTO DIA VALUES ('2021-2-21', '62', '1');
INSERT INTO DIA VALUES ('2021-2-22', '75', '2');
INSERT INTO DIA VALUES ('2021-2-23', '79', '3');
INSERT INTO DIA VALUES ('2021-2-24', '87', '4');
INSERT INTO DIA VALUES ('2021-2-25', '93', '5');
INSERT INTO DIA VALUES ('2021-2-26', '98', '6');
INSERT INTO DIA VALUES ('2021-2-27', '100', '7');
INSERT INTO DIA VALUES ('2021-2-28', '-99', '1');
-- Marzo
INSERT INTO DIA VALUES ('2021-3-1', '-96', '2');
INSERT INTO DIA VALUES ('2021-3-2', '-91', '3');
INSERT INTO DIA VALUES ('2021-3-3', '-83', '4');
INSERT INTO DIA VALUES ('2021-3-4', '-75', '5');
INSERT INTO DIA VALUES ('2021-3-5', '-62', '6');
INSERT INTO DIA VALUES ('2021-3-6', '-50', '7');
INSERT INTO DIA VALUES ('2021-3-7', '-40', '1');
INSERT INTO DIA VALUES ('2021-3-8', '-29', '2');
INSERT INTO DIA VALUES ('2021-3-9', '-25', '3');
INSERT INTO DIA VALUES ('2021-3-10', '-12', '4');
INSERT INTO DIA VALUES ('2021-3-11', '-6', '5');
INSERT INTO DIA VALUES ('2021-3-12', '-2', '6');
INSERT INTO DIA VALUES ('2021-3-13', '0', '7');
INSERT INTO DIA VALUES ('2021-3-14', '1', '1');
INSERT INTO DIA VALUES ('2021-3-15', '2', '2');
INSERT INTO DIA VALUES ('2021-3-16', '6', '3');
INSERT INTO DIA VALUES ('2021-3-17', '12', '4');
INSERT INTO DIA VALUES ('2021-3-18', '18', '5');
INSERT INTO DIA VALUES ('2021-3-19', '25', '6');
INSERT INTO DIA VALUES ('2021-3-20', '35', '7');
INSERT INTO DIA VALUES ('2021-3-21', '50', '1');
INSERT INTO DIA VALUES ('2021-3-22', '54', '2');
INSERT INTO DIA VALUES ('2021-3-23', '64', '3');
INSERT INTO DIA VALUES ('2021-3-24', '75', '4');
INSERT INTO DIA VALUES ('2021-3-25', '82', '5');
INSERT INTO DIA VALUES ('2021-3-26', '90', '6');
INSERT INTO DIA VALUES ('2021-3-27', '95', '7');
INSERT INTO DIA VALUES ('2021-3-28', '100', '1');
INSERT INTO DIA VALUES ('2021-3-29', '-99', '2');
INSERT INTO DIA VALUES ('2021-3-30', '-98', '3');
INSERT INTO DIA VALUES ('2021-3-31', '-93', '4');
-- Abril
INSERT INTO DIA VALUES ('2021-4-1', '-86', '5');
INSERT INTO DIA VALUES ('2021-4-2', '-75', '6');
INSERT INTO DIA VALUES ('2021-4-3', '-66', '7');
INSERT INTO DIA VALUES ('2021-4-4', '-50', '1');
INSERT INTO DIA VALUES ('2021-4-5', '-44', '2');
INSERT INTO DIA VALUES ('2021-4-6', '-33', '3');
INSERT INTO DIA VALUES ('2021-4-7', '-25', '4');
INSERT INTO DIA VALUES ('2021-4-8', '-16', '5');
INSERT INTO DIA VALUES ('2021-4-9', '-9', '6');
INSERT INTO DIA VALUES ('2021-4-10', '-4', '7');
INSERT INTO DIA VALUES ('2021-4-11', '-1', '1');
INSERT INTO DIA VALUES ('2021-4-12', '0', '2');
INSERT INTO DIA VALUES ('2021-4-13', '1', '3');
INSERT INTO DIA VALUES ('2021-4-14', '3', '4');
INSERT INTO DIA VALUES ('2021-4-15', '7', '5');
INSERT INTO DIA VALUES ('2021-4-16', '13', '6');
INSERT INTO DIA VALUES ('2021-4-17', '20', '7');
INSERT INTO DIA VALUES ('2021-4-18', '25', '1');
INSERT INTO DIA VALUES ('2021-4-19', '37', '2');
INSERT INTO DIA VALUES ('2021-4-20', '50', '3');
INSERT INTO DIA VALUES ('2021-4-21', '57', '4');
INSERT INTO DIA VALUES ('2021-4-22', '68', '5');
INSERT INTO DIA VALUES ('2021-4-23', '77', '6');
INSERT INTO DIA VALUES ('2021-4-24', '86', '7');
INSERT INTO DIA VALUES ('2021-4-25', '93', '1');
INSERT INTO DIA VALUES ('2021-4-26', '98', '2');
INSERT INTO DIA VALUES ('2021-4-27', '100', '3');
INSERT INTO DIA VALUES ('2021-4-28', '-99', '4');
INSERT INTO DIA VALUES ('2021-4-29', '-95', '5');
INSERT INTO DIA VALUES ('2021-4-30', '-88', '6');
-- Mayo
INSERT INTO DIA VALUES ('2021-5-1', '-75', '7');
INSERT INTO DIA VALUES ('2021-5-2', '-70', '1');
INSERT INTO DIA VALUES ('2021-5-3', '-50', '2');
INSERT INTO DIA VALUES ('2021-5-4', '-48', '3');
INSERT INTO DIA VALUES ('2021-5-5', '-38', '4');
INSERT INTO DIA VALUES ('2021-5-6', '-28', '5');
INSERT INTO DIA VALUES ('2021-5-7', '-20', '6');
INSERT INTO DIA VALUES ('2021-5-8', '-13', '7');
INSERT INTO DIA VALUES ('2021-5-9', '-7', '1');
INSERT INTO DIA VALUES ('2021-5-10', '-3', '2');
INSERT INTO DIA VALUES ('2021-5-11', '0', '3');
INSERT INTO DIA VALUES ('2021-5-12', '1', '4');
INSERT INTO DIA VALUES ('2021-5-13', '2', '5');
INSERT INTO DIA VALUES ('2021-5-14', '4', '6');
INSERT INTO DIA VALUES ('2021-5-15', '9', '7');
INSERT INTO DIA VALUES ('2021-5-16', '15', '1');
INSERT INTO DIA VALUES ('2021-5-17', '23', '2');
INSERT INTO DIA VALUES ('2021-5-18', '32', '3');
INSERT INTO DIA VALUES ('2021-5-19', '50', '4');
INSERT INTO DIA VALUES ('2021-5-20', '52', '5');
INSERT INTO DIA VALUES ('2021-5-21', '63', '6');
INSERT INTO DIA VALUES ('2021-5-22', '75', '7');
INSERT INTO DIA VALUES ('2021-5-23', '83', '1');
INSERT INTO DIA VALUES ('2021-5-24', '91', '2');
INSERT INTO DIA VALUES ('2021-5-25', '97', '3');
INSERT INTO DIA VALUES ('2021-5-26', '100', '4');
INSERT INTO DIA VALUES ('2021-5-27', '-99', '5');
INSERT INTO DIA VALUES ('2021-5-28', '-96', '6');
INSERT INTO DIA VALUES ('2021-5-29', '-91', '7');
INSERT INTO DIA VALUES ('2021-5-30', '-83', '1');
INSERT INTO DIA VALUES ('2021-5-31', '-75', '2');
-- Junio
INSERT INTO DIA VALUES ('2021-6-1', '-64', '3');
INSERT INTO DIA VALUES ('2021-6-2', '-50', '4');
INSERT INTO DIA VALUES ('2021-6-3', '-43', '5');
INSERT INTO DIA VALUES ('2021-6-4', '-34', '6');
INSERT INTO DIA VALUES ('2021-6-5', '-25', '7');
INSERT INTO DIA VALUES ('2021-6-6', '-17', '1');
INSERT INTO DIA VALUES ('2021-6-7', '-10', '2');
INSERT INTO DIA VALUES ('2021-6-8', '-5', '3');
INSERT INTO DIA VALUES ('2021-6-9', '-2', '4');
INSERT INTO DIA VALUES ('2021-6-10', '0', '5');
INSERT INTO DIA VALUES ('2021-6-11', '1', '6');
INSERT INTO DIA VALUES ('2021-6-12', '2', '7');
INSERT INTO DIA VALUES ('2021-6-13', '6', '1');
INSERT INTO DIA VALUES ('2021-6-14', '12', '2');
INSERT INTO DIA VALUES ('2021-6-15', '19', '3');
INSERT INTO DIA VALUES ('2021-6-16', '25', '4');
INSERT INTO DIA VALUES ('2021-6-17', '38', '5');
INSERT INTO DIA VALUES ('2021-6-18', '50', '6');
INSERT INTO DIA VALUES ('2021-6-19', '59', '7');
INSERT INTO DIA VALUES ('2021-6-20', '75', '1');
INSERT INTO DIA VALUES ('2021-6-21', '80', '2');
INSERT INTO DIA VALUES ('2021-6-22', '89', '3');
INSERT INTO DIA VALUES ('2021-6-23', '95', '4');
INSERT INTO DIA VALUES ('2021-6-24', '100', '5');
INSERT INTO DIA VALUES ('2021-6-25', '-99', '6');
INSERT INTO DIA VALUES ('2021-6-26', '-96', '7');
INSERT INTO DIA VALUES ('2021-6-27', '-93', '1');
INSERT INTO DIA VALUES ('2021-6-28', '-86', '2');
INSERT INTO DIA VALUES ('2021-6-29', '-75', '3');
INSERT INTO DIA VALUES ('2021-6-30', '-69', '4');
-- Julio
INSERT INTO DIA VALUES ('2021-7-1', '-50', '5');
INSERT INTO DIA VALUES ('2021-7-2', '-49', '6');
INSERT INTO DIA VALUES ('2021-7-3', '-39', '7');
INSERT INTO DIA VALUES ('2021-7-4', '-30', '1');
INSERT INTO DIA VALUES ('2021-7-5', '-25', '2');
INSERT INTO DIA VALUES ('2021-7-6', '-15', '3');
INSERT INTO DIA VALUES ('2021-7-7', '-9', '4');
INSERT INTO DIA VALUES ('2021-7-8', '-4', '5');
INSERT INTO DIA VALUES ('2021-7-9', '-1', '6');
INSERT INTO DIA VALUES ('2021-7-10', '0', '7');
INSERT INTO DIA VALUES ('2021-7-11', '1', '1');
INSERT INTO DIA VALUES ('2021-7-12', '4', '2');
INSERT INTO DIA VALUES ('2021-7-13', '9', '3');
INSERT INTO DIA VALUES ('2021-7-14', '16', '4');
INSERT INTO DIA VALUES ('2021-7-15', '25', '5');
INSERT INTO DIA VALUES ('2021-7-16', '34', '6');
INSERT INTO DIA VALUES ('2021-7-17', '50', '7');
INSERT INTO DIA VALUES ('2021-7-18', '56', '1');
INSERT INTO DIA VALUES ('2021-7-19', '68', '2');
INSERT INTO DIA VALUES ('2021-7-20', '75', '3');
INSERT INTO DIA VALUES ('2021-7-21', '87', '4');
INSERT INTO DIA VALUES ('2021-7-22', '94', '5');
INSERT INTO DIA VALUES ('2021-7-23', '98', '6');
INSERT INTO DIA VALUES ('2021-7-24', '100', '7');
INSERT INTO DIA VALUES ('2021-7-25', '-99', '1');
INSERT INTO DIA VALUES ('2021-7-26', '-95', '2');
INSERT INTO DIA VALUES ('2021-7-27', '-90', '3');
INSERT INTO DIA VALUES ('2021-7-28', '-82', '4');
INSERT INTO DIA VALUES ('2021-7-29', '-75', '5');
INSERT INTO DIA VALUES ('2021-7-30', '-65', '6');
INSERT INTO DIA VALUES ('2021-7-31', '-50', '7');
-- Agosto
INSERT INTO DIA VALUES ('2021-8-1', '-46', '1');
INSERT INTO DIA VALUES ('2021-8-2', '-37', '2');
INSERT INTO DIA VALUES ('2021-8-3', '-28', '3');
INSERT INTO DIA VALUES ('2021-8-4', '-25', '4');
INSERT INTO DIA VALUES ('2021-8-5', '-13', '5');
INSERT INTO DIA VALUES ('2021-8-6', '-7', '6');
INSERT INTO DIA VALUES ('2021-8-7', '-3', '7');
INSERT INTO DIA VALUES ('2021-8-8', '0', '1');
INSERT INTO DIA VALUES ('2021-8-9', '1', '2');
INSERT INTO DIA VALUES ('2021-8-10', '2', '3');
INSERT INTO DIA VALUES ('2021-8-11', '7', '4');
INSERT INTO DIA VALUES ('2021-8-12', '13', '5');
INSERT INTO DIA VALUES ('2021-8-13', '25', '6');
INSERT INTO DIA VALUES ('2021-8-14', '32', '7');
INSERT INTO DIA VALUES ('2021-8-15', '50', '1');
INSERT INTO DIA VALUES ('2021-8-16', '54', '2');
INSERT INTO DIA VALUES ('2021-8-17', '65', '3');
INSERT INTO DIA VALUES ('2021-8-18', '75', '4');
INSERT INTO DIA VALUES ('2021-8-19', '85', '5');
INSERT INTO DIA VALUES ('2021-8-20', '92', '6');
INSERT INTO DIA VALUES ('2021-8-21', '97', '7');
INSERT INTO DIA VALUES ('2021-8-22', '100', '1');
INSERT INTO DIA VALUES ('2021-8-23', '-99', '2');
INSERT INTO DIA VALUES ('2021-8-24', '-97', '3');
INSERT INTO DIA VALUES ('2021-8-25', '-93', '4');
INSERT INTO DIA VALUES ('2021-8-26', '-87', '5');
INSERT INTO DIA VALUES ('2021-8-27', '-80', '6');
INSERT INTO DIA VALUES ('2021-8-28', '-75', '7');
INSERT INTO DIA VALUES ('2021-8-29', '-62', '1');
INSERT INTO DIA VALUES ('2021-8-30', '-50', '2');
INSERT INTO DIA VALUES ('2021-8-31', '-43', '3');
-- Septiembre
INSERT INTO DIA VALUES ('2021-9-1', '-34', '4');
INSERT INTO DIA VALUES ('2021-9-2', '-25', '5');
INSERT INTO DIA VALUES ('2021-9-3', '-17', '6');
INSERT INTO DIA VALUES ('2021-9-4', '-10', '7');
INSERT INTO DIA VALUES ('2021-9-5', '-5', '1');
INSERT INTO DIA VALUES ('2021-9-6', '-1', '2');
INSERT INTO DIA VALUES ('2021-9-7', '0', '3');
INSERT INTO DIA VALUES ('2021-9-8', '1', '4');
INSERT INTO DIA VALUES ('2021-9-9', '5', '5');
INSERT INTO DIA VALUES ('2021-9-10', '11', '6');
INSERT INTO DIA VALUES ('2021-9-11', '19', '7');
INSERT INTO DIA VALUES ('2021-9-12', '25', '1');
INSERT INTO DIA VALUES ('2021-9-13', '50', '2');
INSERT INTO DIA VALUES ('2021-9-14', '52', '3');
INSERT INTO DIA VALUES ('2021-9-15', '63', '4');
INSERT INTO DIA VALUES ('2021-9-16', '75', '5');
INSERT INTO DIA VALUES ('2021-9-17', '83', '6');
INSERT INTO DIA VALUES ('2021-9-18', '90', '7');
INSERT INTO DIA VALUES ('2021-9-19', '96', '1');
INSERT INTO DIA VALUES ('2021-9-20', '99', '2');
INSERT INTO DIA VALUES ('2021-9-21', '100', '3');
INSERT INTO DIA VALUES ('2021-9-22', '-99', '4');
INSERT INTO DIA VALUES ('2021-9-23', '-96', '5');
INSERT INTO DIA VALUES ('2021-9-24', '-91', '6');
INSERT INTO DIA VALUES ('2021-9-25', '-85', '7');
INSERT INTO DIA VALUES ('2021-9-26', '-75', '1');
INSERT INTO DIA VALUES ('2021-9-27', '-69', '2');
INSERT INTO DIA VALUES ('2021-9-28', '-60', '3');
INSERT INTO DIA VALUES ('2021-9-29', '-50', '4');
INSERT INTO DIA VALUES ('2021-9-30', '-41', '5');
-- Octubre
INSERT INTO DIA VALUES ('2021-10-1', '-32', '6');
INSERT INTO DIA VALUES ('2021-10-2', '-25', '7');
INSERT INTO DIA VALUES ('2021-10-3', '-15', '1');
INSERT INTO DIA VALUES ('2021-10-4', '-8', '2');
INSERT INTO DIA VALUES ('2021-10-5', '-3', '3');
INSERT INTO DIA VALUES ('2021-10-6', '0', '4');
INSERT INTO DIA VALUES ('2021-10-7', '1', '5');
INSERT INTO DIA VALUES ('2021-10-8', '3', '6');
INSERT INTO DIA VALUES ('2021-10-9', '9', '7');
INSERT INTO DIA VALUES ('2021-10-10', '17', '1');
INSERT INTO DIA VALUES ('2021-10-11', '25', '2');
INSERT INTO DIA VALUES ('2021-10-12', '37', '3');
INSERT INTO DIA VALUES ('2021-10-13', '50', '4');
INSERT INTO DIA VALUES ('2021-10-14', '60', '5');
INSERT INTO DIA VALUES ('2021-10-15', '70', '6');
INSERT INTO DIA VALUES ('2021-10-16', '75', '7');
INSERT INTO DIA VALUES ('2021-10-17', '87', '1');
INSERT INTO DIA VALUES ('2021-10-18', '93', '2');
INSERT INTO DIA VALUES ('2021-10-19', '97', '3');
INSERT INTO DIA VALUES ('2021-10-20', '100', '4');
INSERT INTO DIA VALUES ('2021-10-21', '-99', '5');
INSERT INTO DIA VALUES ('2021-10-22', '-98', '6');
INSERT INTO DIA VALUES ('2021-10-23', '-95', '7');
INSERT INTO DIA VALUES ('2021-10-24', '-90', '1');
INSERT INTO DIA VALUES ('2021-10-25', '-83', '2');
INSERT INTO DIA VALUES ('2021-10-26', '-75', '3');
INSERT INTO DIA VALUES ('2021-10-27', '-67', '4');
INSERT INTO DIA VALUES ('2021-10-28', '-50', '5');
INSERT INTO DIA VALUES ('2021-10-29', '-48', '6');
INSERT INTO DIA VALUES ('2021-10-30', '-38', '7');
INSERT INTO DIA VALUES ('2021-10-31', '-25', '1');
-- Noviembre
INSERT INTO DIA VALUES ('2021-11-1', '-19', '2');
INSERT INTO DIA VALUES ('2021-11-2', '-11', '3');
INSERT INTO DIA VALUES ('2021-11-3', '-5', '4');
INSERT INTO DIA VALUES ('2021-11-4', '0', '5');
INSERT INTO DIA VALUES ('2021-11-5', '1', '6');
INSERT INTO DIA VALUES ('2021-11-6', '2', '7');
INSERT INTO DIA VALUES ('2021-11-7', '7', '1');
INSERT INTO DIA VALUES ('2021-11-8', '15', '2');
INSERT INTO DIA VALUES ('2021-11-9', '25', '3');
INSERT INTO DIA VALUES ('2021-11-10', '33', '4');
INSERT INTO DIA VALUES ('2021-11-11', '50', '5');
INSERT INTO DIA VALUES ('2021-11-12', '55', '6');
INSERT INTO DIA VALUES ('2021-11-13', '65', '7');
INSERT INTO DIA VALUES ('2021-11-14', '75', '1');
INSERT INTO DIA VALUES ('2021-11-15', '83', '2');
INSERT INTO DIA VALUES ('2021-11-16', '90', '3');
INSERT INTO DIA VALUES ('2021-11-17', '95', '4');
INSERT INTO DIA VALUES ('2021-11-18', '98', '5');
INSERT INTO DIA VALUES ('2021-11-19', '100', '6');
INSERT INTO DIA VALUES ('2021-11-20', '-99', '7');
INSERT INTO DIA VALUES ('2021-11-21', '-98', '1');
INSERT INTO DIA VALUES ('2021-11-22', '-94', '2');
INSERT INTO DIA VALUES ('2021-11-23', '-89', '3');
INSERT INTO DIA VALUES ('2021-11-24', '-82', '4');
INSERT INTO DIA VALUES ('2021-11-25', '-75', '5');
INSERT INTO DIA VALUES ('2021-11-26', '-65', '6');
INSERT INTO DIA VALUES ('2021-11-27', '-50', '7');
INSERT INTO DIA VALUES ('2021-11-28', '-45', '1');
INSERT INTO DIA VALUES ('2021-11-29', '-35', '2');
INSERT INTO DIA VALUES ('2021-11-30', '-25', '3');
-- Diciembre
INSERT INTO DIA VALUES ('2021-12-1', '-15', '4');
INSERT INTO DIA VALUES ('2021-12-2', '-8', '5');
INSERT INTO DIA VALUES ('2021-12-3', '-3', '6');
INSERT INTO DIA VALUES ('2021-12-4', '0', '7');
INSERT INTO DIA VALUES ('2021-12-5', '1', '1');
INSERT INTO DIA VALUES ('2021-12-6', '4', '2');
INSERT INTO DIA VALUES ('2021-12-7', '10', '3');
INSERT INTO DIA VALUES ('2021-12-8', '19', '4');
INSERT INTO DIA VALUES ('2021-12-9', '25', '5');
INSERT INTO DIA VALUES ('2021-12-10', '39', '6');
INSERT INTO DIA VALUES ('2021-12-11', '50', '7');
INSERT INTO DIA VALUES ('2021-12-12', '59', '1');
INSERT INTO DIA VALUES ('2021-12-13', '69', '2');
INSERT INTO DIA VALUES ('2021-12-14', '75', '3');
INSERT INTO DIA VALUES ('2021-12-15', '85', '4');
INSERT INTO DIA VALUES ('2021-12-16', '91', '5');
INSERT INTO DIA VALUES ('2021-12-17', '96', '6');
INSERT INTO DIA VALUES ('2021-12-18', '99', '7');
INSERT INTO DIA VALUES ('2021-12-19', '100', '1');
INSERT INTO DIA VALUES ('2021-12-20', '-99', '2');
INSERT INTO DIA VALUES ('2021-12-21', '-97', '3');
INSERT INTO DIA VALUES ('2021-12-22', '-93', '4');
INSERT INTO DIA VALUES ('2021-12-23', '-87', '5');
INSERT INTO DIA VALUES ('2021-12-24', '-80', '6');
INSERT INTO DIA VALUES ('2021-12-25', '-75', '7');
INSERT INTO DIA VALUES ('2021-12-26', '-62', '1');
INSERT INTO DIA VALUES ('2021-12-27', '-50', '2');
INSERT INTO DIA VALUES ('2021-12-28', '-40', '3');
INSERT INTO DIA VALUES ('2021-12-29', '-30', '4');
INSERT INTO DIA VALUES ('2021-12-30', '-25', '5');
INSERT INTO DIA VALUES ('2021-12-31', '-11', '6');
-- INSERTS TIPOS DE PLANTAS
INSERT INTO TIPOPLANTA VALUES ('todos', 'todas las plantas'); 
INSERT INTO TIPOPLANTA VALUES ('prados', 'plantas propias de prados y lugares amplios humedos.'); 
INSERT INTO TIPOPLANTA VALUES ('arboles de hoja caduca', 'estos arboles reciben este nombre porque sus especies pierden hojas en una estacion anualmente.'); 
INSERT INTO TIPOPLANTA VALUES ('arboles frutales', 'son arboles que como indica su nombre, producen frutos.'); 
INSERT INTO TIPOPLANTA VALUES ('flores', 'plantas con flores'); 
INSERT INTO TIPOPLANTA VALUES ('plantas de follaje perenne', 'plantas con abundancia de hojas.'); 
INSERT INTO TIPOPLANTA VALUES ('arboles ornamentales', 'reciben este nombre dado que su funcion principal es la de decoracion.'); 
INSERT INTO TIPOPLANTA VALUES ('hortalizas de hoja', 'son un conjunto de plantas cultivadas generalmente en huertos y que se consumen como alimento.'); 
INSERT INTO TIPOPLANTA VALUES ('hortalizas de raiz', 'organos ramificados y vegetativos que crecen debajo de la tierra y cumplen con la funcion de absorver el agua y los nutrientes presentes en el suelo para transportarlos al resto de la planta.');
-- INSERTS PLANTAS
INSERT INTO PLANTA VALUES ('cesped', 'prados', 'planta que crece en lugares amplios y humedos, generalmente llega hasta 20 o 30 cm de altura.', '360'); 
INSERT INTO PLANTA VALUES ('almendro', 'arboles de hoja caduca', 'arbol de bajo mantenimiento y alta productividad, y auto fertil.', '10000'); 
INSERT INTO PLANTA VALUES ('gingko', 'arboles de hoja caduca', 'un arbol elegante famoso en parques y jardines, ademas son muy faciles de cuidar.', '10000'); 
INSERT INTO PLANTA VALUES ('nogal', 'arboles de hoja caduca', 'es un arbol con frutos secos y de forma botanica se dice que poseee un falso fruto seco.', '10000'); 
INSERT INTO PLANTA VALUES ('alamo blanco', 'arboles de hoja caduca', 'es un arbol caducifolio de rapido crecimiento que cuenta con un tronco robusto, una forma redondeada, ancha y columnar.', '10000'); 
INSERT INTO PLANTA VALUES ('fresno', 'arboles de hoja caduca', 'son arboles de porte mediano a grande, de hoja caduca en general.', '10000'); 
INSERT INTO PLANTA VALUES ('cerezo', 'arboles frutales', 'perteneciente a la familia de las rosaceas, posee un sabroso y llamativo fruto llamado Cereza.', '10000'); 
INSERT INTO PLANTA VALUES ('ciruelo', 'arboles frutales', 'arbol de gran altura que produce ciruelas.', '10000'); 
INSERT INTO PLANTA VALUES ('mango', 'arboles frutales', 'arbol de altura medio que produce aguacates.', '10000'); 
INSERT INTO PLANTA VALUES ('limonero', 'arboles frutales', 'arbol de gran altura que produce limones.', '10000'); 
INSERT INTO PLANTA VALUES ('manzano', 'arboles frutales', 'arbol de gran altura que produce manzanas.', '10000'); 
INSERT INTO PLANTA VALUES ('naranjo', 'arboles frutales', 'arbol de altura medio que produce naranjas.', '10000'); 
INSERT INTO PLANTA VALUES ('aguacate', 'arboles frutales', 'arbol de altura medio que produce aguacates.', '10000'); 
INSERT INTO PLANTA VALUES ('rosas', 'flores', 'arbustos espinosos ampliamente conocidos por la belleza de sus flores, sus flores forman un capullo de petalos de varios tonos, aunque las rosas mas tipicas y clasicas son las de color rojo intenso.', '360'); 
INSERT INTO PLANTA VALUES ('tulipanes', 'flores', 'Son plantas que rara vez sobrepasan los 50 cm de altura, con llamativas flores de 6 petalos, muy bonitas y en una vasta variedad de colores, tamanos y formas.', '360'); 
INSERT INTO PLANTA VALUES ('girasoles', 'flores', 'Es una flor con una capacidad de orientarse siguiendo el desplazamiento del sol en el cielo, de forma que siempre recibe toda la luz posible de el, ademas esta formada por varias diminutas flores tuberosas, crecen con una velocidad vertiginosa y pueden llegar a  alcanzar alturas de hasta 2 metros.', '360'); 
INSERT INTO PLANTA VALUES ('orquidea', 'flores', 'flores bonitas que reciben su nombre por el parecido que reciben con las alas de las maraiposas, su origen proviene de australia y filipinzas.', '306'); 
INSERT INTO PLANTA VALUES ('dalia', 'flores', 'Son unas flores valoradas por su belleza desde su descubrimiento, actualmente se trata de la flor simbolo de Mexico.', '360'); 
INSERT INTO PLANTA VALUES ('alegria', 'flores', 'llamadas tambien alegrias del hogar, orejas de oso o simplemente alegrias.', '360'); 
INSERT INTO PLANTA VALUES ('petunia', 'flores', 'flores cuyos petales le dan forma de trompeta, pueden encontrarse desde Brasil y Argentina hasta la zona sur de Estados Unidos.', '360'); 
INSERT INTO PLANTA VALUES ('lavanda', 'flores', 'es una de las plantas aromaticas mas conocidos, tienen diversidad de forma, color y tamano.', '360'); 
INSERT INTO PLANTA VALUES ('crisantemo', 'flores', 'son flores muy coloridos, con una hermosa floracion, buena para interior como exterior.', '360'); 
INSERT INTO PLANTA VALUES ('jazmin', 'flores', 'flor con un aroma inconfundible que suele gustar a la gente que lo percibe.', '360'); 
INSERT INTO PLANTA VALUES ('ciclamen', 'flores', 'flor bulbosa que tiene origen en los bosques de la zona mediterranea.', '360'); 
INSERT INTO PLANTA VALUES ('clavel', 'flores', 'flor ornamental con beneficios para la saludo y los jardines.', '360'); 
INSERT INTO PLANTA VALUES ('geranio', 'flores', 'el geranio es una de las plantas decorativas mas comunes en los jardines, es una planta muy estetica debido a lo numerosas y vistosas que son las flores.', '360'); 
INSERT INTO PLANTA VALUES ('bugambilia', 'flores', 'es una planta trepadora alterativa a los tradicionales rosales o la hiedra, pero con mucho color.', '360'); 
INSERT INTO PLANTA VALUES ('hibisco', 'flores', 'son todo en la familia Malvaceae con unas 150 especies. Son plantas tropicales muy valoradas por los vivos colores de sus flores de cinco petalos.', '360'); 
INSERT INTO PLANTA VALUES ('lirio amarillo', 'flores', 'pertenece a las plantas rizomatosas y bulgosas que tienen origen en las zonas templadas de Europa, Africa, America y asia.', '360'); 
INSERT INTO PLANTA VALUES ('hortensia', 'flores', 'plantas con preciosas flores que resultan faciles de cuidar, recomendada para jardines, balcones y terrazas.', '360'); 
INSERT INTO PLANTA VALUES ('azalea', 'flores', 'posee una abundante floracion, ademas son como un arbusto bajo de origen oriental.', '360'); 
INSERT INTO PLANTA VALUES ('pino', 'plantas de follaje perenne', 'arbol perteneciente al grupo de las coniferas, generalmente presentan una ramificacion verticilada.', '10000'); 
INSERT INTO PLANTA VALUES ('mimosa', 'plantas de follaje perenne', 'es una especie arbustiva o arborea perteneciente a la familia de las leguminosas.', '10000'); 
INSERT INTO PLANTA VALUES ('acacia', 'plantas de follaje perenne', 'es un genero de arboles de la familia Fabaceae, es un arbol leguminozo con varias especies al rededor del mundo.', '10000'); 
INSERT INTO PLANTA VALUES ('madrono', 'plantas de follaje perenne', 'un arbol que necesita mucha humedad.', '10000'); 
INSERT INTO PLANTA VALUES ('eucalipto', 'plantas de follaje perenne', 'debido a su forma en semilla de capsula, recibe un nombre llamado bien cubierto, Eucalyptus en latin.', '10000'); 
INSERT INTO PLANTA VALUES ('ficus', 'plantas de follaje perenne', 'son arboles, arbustos o trepadores que se caracterizan por tener latex en su interior.', '10000'); 
INSERT INTO PLANTA VALUES ('olivo', 'plantas de follaje perenne', 'es una planta con apariencia ancha y altura corta, generalmente presenta un tronco retorcido con varios tallos.', '10000'); 
INSERT INTO PLANTA VALUES ('lilo', 'arboles ornamentales', 'un bajo arbolito de bella floracion primaveral, perfecto para cultivar en un jardin con poco espacio o una terraza soleada, de color lila.', '10000'); 
INSERT INTO PLANTA VALUES ('sauce', 'arboles ornamentales', 'es un arbol perennifolio o caducifolio de tronco fuerte y grueso.', '10000'); 
INSERT INTO PLANTA VALUES ('arbol del amor', 'arboles ornamentales', 'es una especie arborea de tronco y corteza, posee una talla baja, y una altura de 4 y 6 metros.', '10000'); 
INSERT INTO PLANTA VALUES ('arbol del hierro', 'arboles ornamentales', 'arbol con fin ornamental en jardines o parques publicos, con un follaje, flores y frutos bellos.', '10000'); 
INSERT INTO PLANTA VALUES ('arce coreano', 'arboles ornamentales', 'arbol delicado con algunas caracteristicas increibles, en primavera abren nuevas hojas y suabes, cada uno tiene 10 lobulos y poseen un ancho del largo de una mano.', '10000'); 
INSERT INTO PLANTA VALUES ('lechuga', 'hortalizas de hoja', 'una planta anual que se desarrolla durante ese lapso, no presenta tallos notorios y a simple vista pareciera ser que las hojas surgen desde la raiz.', '365'); 
INSERT INTO PLANTA VALUES ('acelga', 'hortalizas de hoja', 'planta bianual que no forma raiz o fruto, sus hojas son grandes en forma de oval.', '720'); 
INSERT INTO PLANTA VALUES ('apio', 'hortalizas de hoja', 'planta cultivada por sus hojas muy usada en comidas.', '365'); 
INSERT INTO PLANTA VALUES ('espinaca', 'hortalizas de hoja', 'una planta anual, cultivada por sus hojas comestibles, grandes y de color verde muy oscuro.', '365'); 
INSERT INTO PLANTA VALUES ('canonigos', 'hortalizas de hoja', 'son una planta anual que requieren mucha agua, son de facil cultivo, pero caracoles y pajaros son grandes peligros.', '365'); 
INSERT INTO PLANTA VALUES ('endibias', 'hortalizas de hoja', 'chiquitos cogollos alargados de hojas lisas y blancas, deben escogerse frescas y sin manchas, prestando atencion a que los bordes no esten estropeados ni verdes.', '365'); 
INSERT INTO PLANTA VALUES ('Ajo', 'hortalizas de raiz', 'es una planta con hojas planas de hasta 30 cm de longitud y bulbo de color blanco que forma una cabeza dividida en gajos o dientes.', '365'); 
INSERT INTO PLANTA VALUES ('Apio Rabano', 'hortalizas de raiz', 'se cultiva por su raiz gruesa y esferica, con dimensiones de entre 10 y 20 cm de diametro.', '365'); 
INSERT INTO PLANTA VALUES ('Barba cabruna', 'hortalizas de raiz', 'es una especie de planta herbacea anual o bienal, con tallo erecto que puede medir hasta 1.5 metros de altura.', '365'); 
INSERT INTO PLANTA VALUES ('Patata dulce', 'hortalizas de raiz', 'tambien conocida como batata o papa dulce, son plantas trepadoras con tallos delgados y herbaceos, hojas enteras o dentadas, y raices tuberosas gryesas y comestibles, su valor nutritivo es muy alto en contenido de vitaminta A, B1 y E.', '365'); 
INSERT INTO PLANTA VALUES ('Cebolla', 'hortalizas de raiz', 'planta herbacea bienal, cuyas hojas forman vainas folialres que envuelven a un bulbo de color blanco, amarillo o morado. La cebolla sirve para combatir el reumatismo, disuelve el acido urico y alcaniliza la sangre.', '365'); 
INSERT INTO PLANTA VALUES ('Chirivia', 'hortalizas de raiz', 'es una especie bienal con una raiz principal carnosa, gruesa y de color marfil. Su tallo corto da lugar a hojas que forman una roseta y a umbelas con flores pequeñas.', '720'); 
INSERT INTO PLANTA VALUES ('Puerros', 'hortalizas de raiz', 'también denominado como porro, poro, ajoporro o cebolla larga. es una planta bienal que se cultiva por sus hojas, bulbo y flores comestibles.', '720'); 
INSERT INTO PLANTA VALUES ('Rabanos', 'hortalizas de raiz', 'es una planta anual con raiz comestible, su tallo puede llegar a medir hasta 1 metro de altura, y contar con pocas ramificaciones, sus hojas son pecioladas.', '365'); 
INSERT INTO PLANTA VALUES ('Remolacha', 'hortalizas de raiz', 'tambien conocida como betabel y betarraga, es una planta herbacea anual, ramificada y frondosa, de color verde o purpura, sus hojas son pecioladas y su tallo puede alzarse hasta 2 metros de altura.', '365'); 
INSERT INTO PLANTA VALUES ('Zanahoria', 'hortalizas de raiz', 'es una planta bienal con hojas que forman una roseta, tallo de hasta 10 cm de altura y raiz de color naranja, amarilla o morada segun la especie que se desarrolla almacenando una gran cantidad de azucares.', '720'); 
-- INSERT CONSIDERACIONES
INSERT INTO CONSIDERACION VALUES ('1332', '0', 'hortalizas de hoja', 'Aporques: curbrir con tierra plantas'); 
INSERT INTO CONSIDERACION VALUES ('1313', '0', 'todos', 'Abonar: abono de todo tipo de plantaciones.'); 
INSERT INTO CONSIDERACION VALUES ('6468', '0', 'todos', 'Eliminar malas hierbas'); 
INSERT INTO CONSIDERACION VALUES ('9736', '0', 'prados', 'Sembrar prados y céspedes'); 
INSERT INTO CONSIDERACION VALUES ('6464', '0', 'todos', 'Podas a plantas de todo tipo'); 
INSERT INTO CONSIDERACION VALUES ('9793', '0', 'todos', 'tutorados para todo tipo de plantas'); 
INSERT INTO CONSIDERACION VALUES ('7642', '50', 'arboles de hoja caduca', 'Podar los árboles enfermos y los árboles frutales que verán mejorado su rendimiento y su fructificación'); 
INSERT INTO CONSIDERACION VALUES ('7652', '50', 'arboles frutales', 'Podar los árboles enfermos y los árboles frutales que verán mejorado su rendimiento y su fructificación'); 
INSERT INTO CONSIDERACION VALUES ('7662', '50', 'arboles ornamentales', 'Podar los árboles enfermos y los árboles frutales que verán mejorado su rendimiento y su fructificación'); 
INSERT INTO CONSIDERACION VALUES ('6793', '50', 'todos', 'Cultivar los campos y terrenos que se caractericen por tener sustrato arenoso.'); 
INSERT INTO CONSIDERACION VALUES ('4692', '50', 'flores', 'Sembrar flores y hortalizas de hoja como la lechuga, acelga o la espinaca. También se recomienda realizar la siembra uno o dos días antes de que comience esta fase'); 
INSERT INTO CONSIDERACION VALUES ('4636', '50', 'hortalizas de hoja', 'Sembrar flores y hortalizas de hoja como la lechuga, acelga o la espinaca. También se recomienda realizar la siembra uno o dos días antes de que comience esta fase'); 
INSERT INTO CONSIDERACION VALUES ('7246', '50', 'todos', 'Realizar injertos: pues el enraizamiento tiene más probabilidades de tener éxito. Las condiciones son propicias.'); 
INSERT INTO CONSIDERACION VALUES ('6524', '50', 'flores', 'Evitar regar plantas con flor: esto les hace mal'); 
INSERT INTO CONSIDERACION VALUES ('2458', '100', 'todos', 'Podar todo tipo de plantas'); 
INSERT INTO CONSIDERACION VALUES ('1698', '100', 'arboles frutales', 'Cosechar frutos y hortalizas de hoja lechugas, espinacas, entre otros. Pues así conseguirás un mayor volumen de follaje, que es lo que verdaderamente interesa en este tipo de vegetación.'); 
INSERT INTO CONSIDERACION VALUES ('1699', '100', 'hortalizas de hoja', 'Cosechar frutos y hortalizas de hoja lechugas, espinacas, entre otros. Pues así conseguirás un mayor volumen de follaje, que es lo que verdaderamente interesa en este tipo de vegetación.'); 
INSERT INTO CONSIDERACION VALUES ('9163', '100', 'plantas de follaje perenne', 'Plantar especies que se mantienen verdes durante todo el año, es decir, plantas de follaje perenne'); 
INSERT INTO CONSIDERACION VALUES ('5792', '100', 'todos', 'Transplante: si el trasplante se realiza durante luna llena, la vegetación tenderá a crecer rápido y a producir, como no, un mayor volumen de hojas.'); 
INSERT INTO CONSIDERACION VALUES ('5137', '100', 'todos', 'Propagación vegetativa: Al tratarse de un periodo de gran disponibilidad acuosa, las hormonas fundamentales para el enraizamiento y que se encuentran incluidas en el agua estarán muy diluidas.'); 
INSERT INTO CONSIDERACION VALUES ('4298', '-50', 'hortalizas de raiz', 'Sembrar hortalizas de raiz, dónde la savia se concentra en sus raices'); 
INSERT INTO CONSIDERACION VALUES ('5077', '-50', 'todos', 'Eliminar las hojas marchitas'); 
INSERT INTO CONSIDERACION VALUES ('5078', '-50', 'flores', 'Regar por abajo las plantas de flor y pulverizar aquellas que tengan un follaje verde (perenne).'); 
INSERT INTO CONSIDERACION VALUES ('5079', '-50', 'plantas de follaje perenne', 'Regar por abajo las plantas de flor y pulverizar aquellas que tengan un follaje verde (perenne).'); 
INSERT INTO CONSIDERACION VALUES ('5080', '-50', 'todos', 'Transplantes: Buen momento para realizar transplantes.'); 
INSERT INTO CONSIDERACION VALUES ('5081', '-50', 'todos', 'Abonar todo tipo de plantaciones.'); 
INSERT INTO CONSIDERACION VALUES ('5093', '-50', 'arboles de hoja caduca', 'Plantar árboles de hoja larga.'); 
INSERT INTO CONSIDERACION VALUES ('5092', '-50', 'arboles frutales', 'Plantar árboles de hoja larga.'); 
INSERT INTO CONSIDERACION VALUES ('5091', '-50', 'arboles ornamentales', 'Plantar árboles de hoja larga.'); 

